{
	"info": {
		"_postman_id": "464a6e02-e2e9-4278-821b-e5ca894d8f80",
		"name": "Public API",
		"schema": "https://schema.getpostman.com/json/collection/v2.1.0/collection.json"
	},
	"item": [
		{
			"name": "Register",
			"item": [
				{
					"name": "Register: Person",
					"request": {
						"method": "POST",
						"header": [
							{
								"key": "Content-Type",
								"value": "application/json"
							}
						],
						"body": {
							"mode": "raw",
							"raw": "{\n\t\"Id\": 3,\n  \"FirstName\": \"Jon\",\n  \"LastName\": \"Smith\",\n  \"MiddleName\": \"Ray\",\n  \"Email\" : \"me@domain.com\",\n  \"Title\": \"Da Man\",\n  \"Address1\" : \"123 Main St\",\n  \"Address2\" : \"Unit 10\",\n  \"City\": \"Seattle\",\n  \"Country\": \"US\",\n  \"Zip\": \"98121\",\n  \"State\": \"WA\",\n  \"Gender\" : 1,\n  \"BirthDay\": \"1\",\n  \"BirthMonth\": \"1\",\n  \"BirthYear\": \"2000\",\n  \"WorkEmail\": \"me@work.com\",\n  \"CellPhone\" : \"(555) 123 - 4567\",\n  \"WorkPhone\" : \"(555) 123 - 9967\",\n  \"HomePhone\" : \"(455) 212 - 2342\"\n}"
						},
						"url": {
							"raw": "{{host}}/api/public/register/person",
							"host": [
								"{{host}}"
							],
							"path": [
								"api",
								"public",
								"register",
								"person"
							]
						}
					},
					"response": []
				},
				{
					"name": "Register: Family",
					"request": {
						"method": "POST",
						"header": [
							{
								"key": "Content-Type",
								"value": "application/json"
							}
						],
						"body": {
							"mode": "raw",
							"raw": "{\n   \"Name\":\"Sinbad\",\n   \"Address1\":\"107 N. Nevada Avenue\",\n   \"City\":\"Colorado Springs\",\n   \"State\":\"Colorado\",\n   \"Country\":\"United States\",\n   \"Zip\":\"80903\",\n   \"HomePhone\":\"(555) 640-9215\",\n   \"people\":[\n      {\n         \"role\":\"1\",\n         \"gender\":\"1\",\n         \"firstName\":\"George\",\n         \"lastName\":\"Sinbad\",\n         \"email\":\"george@Sinbad.com\",\n         \"birthday\":\"10/02/2000\",\n         \"hideAge\":false,\n         \"cellPhone\":\"(120) 640-9215\"\n      },\n      {\n         \"role\":\"2\",\n         \"gender\":\"1\",\n         \"firstName\":\"Christina\",\n         \"lastName\":\"Sinbad\",\n         \"email\":\"christina@Sinbad.com\",\n         \"birthday\":\"09/10/2019\",\n         \"hideAge\":true,\n         \"workPhone\":\"(206) 310-0000\"\n      },\n      {\n         \"role\":\"3\",\n         \"gender\":\"1\",\n         \"firstName\":\"Jerry\",\n         \"lastName\":\"Sinbad\",\n         \"hideAge\":false,\n         \"homePhone\": \"(206) 000-3333\"\n      },\n      {\n         \"role\":\"3\",\n         \"gender\":\"1\",\n         \"firstName\":\"Ehab\",\n         \"lastName\":\"Sinbad\"\n      }\n   ]\n}"
						},
						"url": {
							"raw": "{{host}}/api/public/register/family",
							"host": [
								"{{host}}"
							],
							"path": [
								"api",
								"public",
								"register",
								"family"
							]
						}
					},
					"response": []
				}
			]
		},
		{
			"name": "Data",
			"item": [
				{
					"name": "Public Data: Countries",
					"request": {
						"method": "GET",
						"header": [],
						"url": {
							"raw": "{{host}}/api/public/data/countries",
							"host": [
								"{{host}}"
							],
							"path": [
								"api",
								"public",
								"data",
								"countries"
							]
						}
					},
					"response": []
				},
				{
					"name": "Public Data: US States",
					"request": {
						"method": "GET",
						"header": [],
						"url": {
							"raw": "{{host}}/api/public/data/countries/us/states",
							"host": [
								"{{host}}"
							],
							"path": [
								"api",
								"public",
								"data",
								"countries",
								"us",
								"states"
							]
						}
					},
					"response": []
				},
				{
					"name": "Public Data: Canadian Provinces",
					"request": {
						"method": "GET",
						"header": [],
						"url": {
							"raw": "{{host}}/api/public/data/countries/ca/states",
							"host": [
								"{{host}}"
							],
							"path": [
								"api",
								"public",
								"data",
								"countries",
								"ca",
								"states"
							]
						}
					},
					"response": []
				}
			]
		},
		{
			"name": "Calendars",
			"item": [
				{
					"name": "Public Calendar: Events (JSON)",
					"request": {
						"method": "GET",
						"header": [],
						"url": {
							"raw": "{{host}}/api/public/calendar/{{CalendarAccessToken}}/events",
							"host": [
								"{{host}}"
							],
							"path": [
								"api",
								"public",
								"calendar",
								"{{CalendarAccessToken}}",
								"events"
							]
						}
					},
					"response": []
				},
				{
					"name": "Public Calendar: Events (ICS)",
					"request": {
						"method": "GET",
						"header": [],
						"url": {
							"raw": "{{host}}/api/public/calendar/{{CalendarAccessToken}}/ICS",
							"host": [
								"{{host}}"
							],
							"path": [
								"api",
								"public",
								"calendar",
								"{{CalendarAccessToken}}",
								"ICS"
							]
						}
					},
					"response": []
				}
			],
			"event": [
				{
					"listen": "prerequest",
					"script": {
						"id": "8dbccaa9-885a-4430-959b-5fd664a50d7c",
						"type": "text/javascript",
						"exec": [
							""
						]
					}
				},
				{
					"listen": "test",
					"script": {
						"id": "40e1aad7-3a8d-4e6d-97e8-6e55abaefb8e",
						"type": "text/javascript",
						"exec": [
							""
						]
					}
				}
			]
		},
		{
			"name": "User",
			"item": [
				{
					"name": "Public API Login",
					"request": {
						"method": "POST",
						"header": [
							{
								"key": "Content-Type",
								"value": "application/json"
							}
						],
						"body": {
							"mode": "raw",
							"raw": "{\n  \"userName\": \"admin\",\n  \"password\": \"changeme\"\n}"
						},
						"url": {
							"raw": "{{host}}/api/public/user/login",
							"host": [
								"{{host}}"
							],
							"path": [
								"api",
								"public",
								"user",
								"login"
							]
						},
						"description": "login and get api token back"
					},
					"response": []
				},
				{
					"name": "Public API: Password Reset Email",
					"request": {
						"method": "POST",
						"header": [
							{
								"key": "Content-Type",
								"value": "application/json"
							}
						],
						"body": {
							"mode": "raw",
							"raw": "{\n  \"userName\": \"tony.wade@example.com\"\n}"
						},
						"url": {
							"raw": "{{host}}/session/forgot-password/reset-request",
							"host": [
								"{{host}}"
							],
							"path": [
								"session",
								"forgot-password",
								"reset-request"
							]
						},
						"description": "login and get api token back"
					},
					"response": []
				}
			]
		},
		{
			"name": "Public Echo",
			"request": {
				"method": "GET",
				"header": [],
				"url": {
					"raw": "{{host}}/api/public/echo",
					"host": [
						"{{host}}"
					],
					"path": [
						"api",
						"public",
						"echo"
					]
				},
				"description": "Return Echo message"
			},
			"response": []
		}
	],
	"event": [
		{
			"listen": "prerequest",
			"script": {
				"id": "b562f04a-d73c-4ec5-872a-2790a3632630",
				"type": "text/javascript",
				"exec": [
					""
				]
			}
		},
		{
			"listen": "test",
			"script": {
				"id": "11d76ead-be8c-40d8-8016-98381cb94701",
				"type": "text/javascript",
				"exec": [
					""
				]
			}
		}
	]
}
